Row,Binding_Probability
1,0
2,0
3,0
4,1
5,0
6,0
7,0
8,0
9,0
Mean,0.111111111111111
Std. Dev.,0.333333333333333
Pooled,1
